word,n_morphemes,class,note
abbey,1,monomorph,simplex alt set
accordion,1,monomorph,simplex alt set
adolescent,1,monomorph,simplex alt set
alligator,1,monomorph,simplex alt set
ally,1,monomorph,simplex alt set
almond,1,monomorph,simplex alt set
anchor,1,monomorph,simplex alt set
ankle,1,monomorph,simplex alt set
ant,1,monomorph,simplex alt set
apprentice,1,monomorph,simplex alt set
argon,1,monomorph,simplex alt set
aspirin,1,monomorph,simplex alt set
asteroid,1,monomorph,simplex alt set
attic,1,monomorph,simplex alt set
avocado,1,monomorph,simplex alt set
awe,1,monomorph,simplex alt set
axe,1,monomorph,simplex alt set
bachelor,1,monomorph,simplex alt set
badge,1,monomorph,simplex alt set
badger,1,monomorph,simplex alt set
bagel,1,monomorph,simplex alt set
baggage,1,monomorph,simplex alt set
balcony,1,monomorph,simplex alt set
ballet,1,monomorph,simplex alt set
ballyhoo,1,monomorph,borrowed/simplex alt set
baloney,1,monomorph,borrowed/simplex alt set
bang,1,monomorph,simplex alt set
banjo,1,monomorph,simplex alt set
barber,1,monomorph,simplex alt set
barge,1,monomorph,simplex alt set
bassoon,1,monomorph,simplex alt set
battery,1,monomorph,simplex alt set
bean,1,monomorph,simplex alt set
beard,1,monomorph,simplex alt set
beaver,1,monomorph,simplex alt set
bee,1,monomorph,simplex alt set
beetle,1,monomorph,simplex alt set
bench,1,monomorph,simplex alt set
bishop,1,monomorph,simplex alt set
bison,1,monomorph,simplex alt set
blanket,1,monomorph,simplex alt set
blarney,1,monomorph,borrowed/simplex alt set
blaze,1,monomorph,simplex alt set
blues,1,monomorph,simplex alt set
bog,1,monomorph,simplex alt set
bolt,1,monomorph,simplex alt set
boson,1,monomorph,simplex alt set
boulder,1,monomorph,simplex alt set
broccoli,1,monomorph,simplex alt set
broom,1,monomorph,simplex alt set
bucket,1,monomorph,simplex alt set
buckle,1,monomorph,simplex alt set
buffalo,1,monomorph,simplex alt set
bulb,1,monomorph,simplex alt set
burger,1,monomorph,simplex alt set
burrito,1,monomorph,simplex alt set
burrow,1,monomorph,simplex alt set
butcher,1,monomorph,simplex alt set
butler,1,monomorph,simplex alt set
cabbage,1,monomorph,simplex alt set
cabin,1,monomorph,simplex alt set
cabinet,1,monomorph,simplex alt set
cable,1,monomorph,simplex alt set
cafe,1,monomorph,simplex alt set
cake,1,monomorph,simplex alt set
calcium,1,monomorph,simplex alt set
calf,1,monomorph,simplex alt set
canal,1,monomorph,simplex alt set
canoe,1,monomorph,simplex alt set
canvas,1,monomorph,simplex alt set
carbon,1,monomorph,simplex alt set
cardinal,1,monomorph,simplex alt set
cargo,1,monomorph,simplex alt set
carpenter,1,monomorph,simplex alt set
carpet,1,monomorph,simplex alt set
carrot,1,monomorph,simplex alt set
cashew,1,monomorph,simplex alt set
celery,1,monomorph,simplex alt set
cellar,1,monomorph,simplex alt set
cello,1,monomorph,simplex alt set
chain,1,monomorph,simplex alt set
chalk,1,monomorph,simplex alt set
charm,1,monomorph,simplex alt set
chef,1,monomorph,simplex alt set
chimney,1,monomorph,simplex alt set
chisel,1,monomorph,simplex alt set
civilian,1,monomorph,simplex alt set
clam,1,monomorph,simplex alt set
clan,1,monomorph,simplex alt set
claptrap,1,monomorph,borrowed/simplex alt set
clarinet,1,monomorph,simplex alt set
clasp,1,monomorph,simplex alt set
clerk,1,monomorph,simplex alt set
cliff,1,monomorph,simplex alt set
clink,1,monomorph,simplex alt set
clip,1,monomorph,simplex alt set
closet,1,monomorph,simplex alt set
coal,1,monomorph,simplex alt set
coke,1,monomorph,simplex alt set
colander,1,monomorph,simplex alt set
colleague,1,monomorph,simplex alt set
comedy,1,monomorph,simplex alt set
comet,1,monomorph,simplex alt set
compass,1,monomorph,simplex alt set
convent,1,monomorph,simplex alt set
cookie,1,monomorph,simplex alt set
cornea,1,monomorph,simplex alt set
cottage,1,monomorph,simplex alt set
couch,1,monomorph,simplex alt set
coupon,1,monomorph,simplex alt set
courage,1,monomorph,simplex alt set
crab,1,monomorph,simplex alt set
crash,1,monomorph,simplex alt set
crayon,1,monomorph,simplex alt set
cream,1,monomorph,simplex alt set
crocodile,1,monomorph,simplex alt set
crown,1,monomorph,simplex alt set
cub,1,monomorph,simplex alt set
cucumber,1,monomorph,simplex alt set
curtain,1,monomorph,simplex alt set
cushion,1,monomorph,simplex alt set
cymbal,1,monomorph,simplex alt set
dagger,1,monomorph,simplex alt set
daisy,1,monomorph,borrowed/simplex alt set
dam,1,monomorph,simplex alt set
dawn,1,monomorph,simplex alt set
den,1,monomorph,simplex alt set
denim,1,monomorph,simplex alt set
desk,1,monomorph,simplex alt set
dew,1,monomorph,simplex alt set
dignity,1,monomorph,simplex alt set
dimple,1,monomorph,simplex alt set
diocese,1,monomorph,simplex alt set
diplomat,1,monomorph,simplex alt set
dock,1,monomorph,simplex alt set
donkey,1,monomorph,simplex alt set
doubt,1,monomorph,simplex alt set
drama,1,monomorph,simplex alt set
drawer,1,monomorph,simplex alt set
dread,1,monomorph,simplex alt set
drill,1,monomorph,simplex alt set
drizzle,1,monomorph,simplex alt set
drone,1,monomorph,simplex alt set
dune,1,monomorph,simplex alt set
dusk,1,monomorph,simplex alt set
dynasty,1,monomorph,simplex alt set
echo,1,monomorph,simplex alt set
elbow,1,monomorph,simplex alt set
ember,1,monomorph,simplex alt set
empire,1,monomorph,simplex alt set
envelope,1,monomorph,simplex alt set
enzyme,1,monomorph,simplex alt set
fabric,1,monomorph,simplex alt set
falcon,1,monomorph,simplex alt set
farrago,1,monomorph,borrowed/simplex alt set
fen,1,monomorph,simplex alt set
fermion,1,monomorph,simplex alt set
ferret,1,monomorph,simplex alt set
ferry,1,monomorph,simplex alt set
fig,1,monomorph,simplex alt set
finch,1,monomorph,simplex alt set
flask,1,monomorph,simplex alt set
flock,1,monomorph,simplex alt set
flour,1,monomorph,simplex alt set
flummery,1,monomorph,borrowed/simplex alt set
foal,1,monomorph,simplex alt set
foe,1,monomorph,simplex alt set
fog,1,monomorph,simplex alt set
folderol,1,monomorph,borrowed/simplex alt set
folk,1,monomorph,simplex alt set
fool,1,monomorph,simplex alt set
freckle,1,monomorph,simplex alt set
freight,1,monomorph,simplex alt set
fridge,1,monomorph,simplex alt set
frost,1,monomorph,simplex alt set
fuse,1,monomorph,simplex alt set
galaxy,1,monomorph,simplex alt set
garage,1,monomorph,simplex alt set
garlic,1,monomorph,simplex alt set
gauntlet,1,monomorph,simplex alt set
genius,1,monomorph,simplex alt set
gladiator,1,monomorph,simplex alt set
goulash,1,monomorph,borrowed/simplex alt set
grace,1,monomorph,simplex alt set
granite,1,monomorph,simplex alt set
gravel,1,monomorph,simplex alt set
grief,1,monomorph,simplex alt set
hail,1,monomorph,simplex alt set
hammer,1,monomorph,simplex alt set
harbor,1,monomorph,simplex alt set
harmonica,1,monomorph,simplex alt set
harp,1,monomorph,simplex alt set
hawk,1,monomorph,simplex alt set
haze,1,monomorph,simplex alt set
heel,1,monomorph,simplex alt set
helium,1,monomorph,simplex alt set
helmet,1,monomorph,simplex alt set
hem,1,monomorph,simplex alt set
herb,1,monomorph,simplex alt set
herd,1,monomorph,simplex alt set
hermit,1,monomorph,simplex alt set
heron,1,monomorph,simplex alt set
hippo,1,monomorph,simplex alt set
hive,1,monomorph,simplex alt set
hoe,1,monomorph,simplex alt set
honesty,1,monomorph,simplex alt set
hoopla,1,monomorph,borrowed/simplex alt set
hormone,1,monomorph,simplex alt set
horror,1,monomorph,simplex alt set
hose,1,monomorph,simplex alt set
humbug,1,monomorph,borrowed/simplex alt set
humility,1,monomorph,simplex alt set
humor,1,monomorph,simplex alt set
husk,1,monomorph,simplex alt set
hut,1,monomorph,simplex alt set
hydrogen,1,monomorph,simplex alt set
idiot,1,monomorph,simplex alt set
infant,1,monomorph,simplex alt set
inferno,1,monomorph,simplex alt set
inn,1,monomorph,simplex alt set
insulin,1,monomorph,simplex alt set
intern,1,monomorph,simplex alt set
invoice,1,monomorph,simplex alt set
iris,1,monomorph,simplex alt set
irony,1,monomorph,simplex alt set
jam,1,monomorph,simplex alt set
janitor,1,monomorph,simplex alt set
jazz,1,monomorph,simplex alt set
jelly,1,monomorph,simplex alt set
jug,1,monomorph,simplex alt set
jumble,1,monomorph,borrowed/simplex alt set
jungle,1,monomorph,simplex alt set
kayak,1,monomorph,simplex alt set
kernel,1,monomorph,simplex alt set
kettle,1,monomorph,simplex alt set
kitten,1,monomorph,simplex alt set
kiwi,1,monomorph,simplex alt set
knight,1,monomorph,simplex alt set
knuckle,1,monomorph,simplex alt set
koala,1,monomorph,simplex alt set
lace,1,monomorph,simplex alt set
ladder,1,monomorph,simplex alt set
ladle,1,monomorph,simplex alt set
lagoon,1,monomorph,simplex alt set
lair,1,monomorph,simplex alt set
lamb,1,monomorph,simplex alt set
lance,1,monomorph,simplex alt set
lead,1,monomorph,simplex alt set
ledger,1,monomorph,simplex alt set
lens,1,monomorph,simplex alt set
lentil,1,monomorph,simplex alt set
lepton,1,monomorph,simplex alt set
lettuce,1,monomorph,simplex alt set
linen,1,monomorph,simplex alt set
lizard,1,monomorph,simplex alt set
loam,1,monomorph,simplex alt set
lobby,1,monomorph,simplex alt set
lobster,1,monomorph,simplex alt set
lotion,1,monomorph,simplex alt set
loyalty,1,monomorph,simplex alt set
luggage,1,monomorph,simplex alt set
magnet,1,monomorph,simplex alt set
maid,1,monomorph,simplex alt set
malarkey,1,monomorph,borrowed/simplex alt set
mango,1,monomorph,simplex alt set
mansion,1,monomorph,simplex alt set
marble,1,monomorph,simplex alt set
mare,1,monomorph,simplex alt set
marina,1,monomorph,simplex alt set
marsh,1,monomorph,simplex alt set
mason,1,monomorph,simplex alt set
mast,1,monomorph,simplex alt set
mattress,1,monomorph,simplex alt set
mayor,1,monomorph,simplex alt set
mechanic,1,monomorph,simplex alt set
mentor,1,monomorph,simplex alt set
mercury,1,monomorph,simplex alt set
mercy,1,monomorph,simplex alt set
mesa,1,monomorph,simplex alt set
meteor,1,monomorph,simplex alt set
methane,1,monomorph,simplex alt set
mill,1,monomorph,simplex alt set
mist,1,monomorph,simplex alt set
monastery,1,monomorph,simplex alt set
monk,1,monomorph,simplex alt set
mop,1,monomorph,simplex alt set
moth,1,monomorph,simplex alt set
muffin,1,monomorph,simplex alt set
mug,1,monomorph,simplex alt set
mule,1,monomorph,simplex alt set
mushroom,1,monomorph,borrowed/simplex alt set
mustache,1,monomorph,simplex alt set
mystic,1,monomorph,simplex alt set
nail,1,monomorph,simplex alt set
napkin,1,monomorph,simplex alt set
nebula,1,monomorph,simplex alt set
neon,1,monomorph,simplex alt set
nest,1,monomorph,simplex alt set
nickel,1,monomorph,simplex alt set
ninja,1,monomorph,simplex alt set
nitrogen,1,monomorph,simplex alt set
noodle,1,monomorph,simplex alt set
noon,1,monomorph,simplex alt set
nun,1,monomorph,simplex alt set
oar,1,monomorph,simplex alt set
oboe,1,monomorph,simplex alt set
octopus,1,monomorph,simplex alt set
oil,1,monomorph,simplex alt set
olive,1,monomorph,simplex alt set
onion,1,monomorph,simplex alt set
opera,1,monomorph,simplex alt set
orphan,1,monomorph,simplex alt set
otter,1,monomorph,simplex alt set
ox,1,monomorph,simplex alt set
oxygen,1,monomorph,simplex alt set
oyster,1,monomorph,simplex alt set
ozone,1,monomorph,simplex alt set
pack,1,monomorph,simplex alt set
paddle,1,monomorph,simplex alt set
palm,1,monomorph,simplex alt set
panda,1,monomorph,simplex alt set
panic,1,monomorph,simplex alt set
parcel,1,monomorph,simplex alt set
parish,1,monomorph,simplex alt set
parrot,1,monomorph,simplex alt set
partner,1,monomorph,simplex alt set
pasta,1,monomorph,simplex alt set
patience,1,monomorph,simplex alt set
patio,1,monomorph,simplex alt set
pea,1,monomorph,simplex alt set
pear,1,monomorph,simplex alt set
peasant,1,monomorph,simplex alt set
peat,1,monomorph,simplex alt set
pebble,1,monomorph,simplex alt set
peel,1,monomorph,simplex alt set
pelican,1,monomorph,simplex alt set
pencil,1,monomorph,simplex alt set
penguin,1,monomorph,simplex alt set
penicillin,1,monomorph,simplex alt set
perch,1,monomorph,simplex alt set
pie,1,monomorph,simplex alt set
pier,1,monomorph,simplex alt set
pigeon,1,monomorph,simplex alt set
pillow,1,monomorph,simplex alt set
pipe,1,monomorph,simplex alt set
pirate,1,monomorph,simplex alt set
pit,1,monomorph,simplex alt set
pitcher,1,monomorph,simplex alt set
pith,1,monomorph,simplex alt set
pity,1,monomorph,simplex alt set
pizza,1,monomorph,simplex alt set
planet,1,monomorph,simplex alt set
plasma,1,monomorph,simplex alt set
plateau,1,monomorph,simplex alt set
platelet,1,monomorph,simplex alt set
pliers,1,monomorph,simplex alt set
plug,1,monomorph,simplex alt set
plum,1,monomorph,simplex alt set
plumber,1,monomorph,simplex alt set
pony,1,monomorph,simplex alt set
pope,1,monomorph,simplex alt set
poppycock,1,monomorph,borrowed/simplex alt set
porch,1,monomorph,simplex alt set
porcupine,1,monomorph,simplex alt set
port,1,monomorph,simplex alt set
potassium,1,monomorph,simplex alt set
potpourri,1,monomorph,borrowed/simplex alt set
prairie,1,monomorph,simplex alt set
propane,1,monomorph,simplex alt set
pudding,1,monomorph,simplex alt set
pumpkin,1,monomorph,simplex alt set
puppy,1,monomorph,simplex alt set
purse,1,monomorph,simplex alt set
quark,1,monomorph,simplex alt set
quarry,1,monomorph,simplex alt set
quartz,1,monomorph,simplex alt set
quilt,1,monomorph,simplex alt set
quota,1,monomorph,simplex alt set
rabbit,1,monomorph,simplex alt set
raccoon,1,monomorph,simplex alt set
raft,1,monomorph,simplex alt set
raisin,1,monomorph,simplex alt set
rake,1,monomorph,simplex alt set
ranger,1,monomorph,simplex alt set
realm,1,monomorph,simplex alt set
receipt,1,monomorph,simplex alt set
reef,1,monomorph,simplex alt set
retina,1,monomorph,simplex alt set
rhino,1,monomorph,simplex alt set
ribbon,1,monomorph,simplex alt set
rind,1,monomorph,simplex alt set
rival,1,monomorph,simplex alt set
roar,1,monomorph,simplex alt set
robin,1,monomorph,simplex alt set
robot,1,monomorph,simplex alt set
roost,1,monomorph,simplex alt set
rope,1,monomorph,simplex alt set
rudder,1,monomorph,simplex alt set
rug,1,monomorph,simplex alt set
rumble,1,monomorph,simplex alt set
sage,1,monomorph,simplex alt set
sail,1,monomorph,simplex alt set
salad,1,monomorph,simplex alt set
samurai,1,monomorph,simplex alt set
satellite,1,monomorph,simplex alt set
satin,1,monomorph,simplex alt set
satire,1,monomorph,simplex alt set
savanna,1,monomorph,simplex alt set
saw,1,monomorph,simplex alt set
scalp,1,monomorph,simplex alt set
scepter,1,monomorph,simplex alt set
scout,1,monomorph,simplex alt set
screw,1,monomorph,simplex alt set
scythe,1,monomorph,simplex alt set
seam,1,monomorph,simplex alt set
serum,1,monomorph,simplex alt set
shampoo,1,monomorph,simplex alt set
shed,1,monomorph,simplex alt set
sheet,1,monomorph,simplex alt set
shelf,1,monomorph,simplex alt set
shell,1,monomorph,simplex alt set
sheriff,1,monomorph,simplex alt set
shin,1,monomorph,simplex alt set
shock,1,monomorph,simplex alt set
shovel,1,monomorph,simplex alt set
shrimp,1,monomorph,simplex alt set
sickle,1,monomorph,simplex alt set
silicon,1,monomorph,simplex alt set
silt,1,monomorph,simplex alt set
sin,1,monomorph,simplex alt set
skillet,1,monomorph,simplex alt set
skunk,1,monomorph,simplex alt set
slate,1,monomorph,simplex alt set
sleet,1,monomorph,simplex alt set
slug,1,monomorph,simplex alt set
slumgullion,1,monomorph,borrowed/simplex alt set
smorgasbord,1,monomorph,borrowed/simplex alt set
snail,1,monomorph,simplex alt set
soap,1,monomorph,simplex alt set
socket,1,monomorph,simplex alt set
sodium,1,monomorph,simplex alt set
sofa,1,monomorph,simplex alt set
sorcerer,1,monomorph,simplex alt set
sorrow,1,monomorph,simplex alt set
soup,1,monomorph,simplex alt set
spaghetti,1,monomorph,simplex alt set
spark,1,monomorph,simplex alt set
sparrow,1,monomorph,simplex alt set
spatula,1,monomorph,simplex alt set
spear,1,monomorph,simplex alt set
spice,1,monomorph,simplex alt set
spinach,1,monomorph,simplex alt set
spinster,1,monomorph,simplex alt set
sponge,1,monomorph,simplex alt set
spy,1,monomorph,simplex alt set
squash,1,monomorph,simplex alt set
squid,1,monomorph,simplex alt set
squirrel,1,monomorph,simplex alt set
stallion,1,monomorph,simplex alt set
stamp,1,monomorph,simplex alt set
stew,1,monomorph,simplex alt set
stitch,1,monomorph,simplex alt set
stool,1,monomorph,simplex alt set
stork,1,monomorph,simplex alt set
surprise,1,monomorph,simplex alt set
sushi,1,monomorph,simplex alt set
swamp,1,monomorph,simplex alt set
swan,1,monomorph,simplex alt set
swarm,1,monomorph,simplex alt set
switch,1,monomorph,simplex alt set
syrup,1,monomorph,simplex alt set
taco,1,monomorph,simplex alt set
tailor,1,monomorph,simplex alt set
tambourine,1,monomorph,simplex alt set
tariff,1,monomorph,simplex alt set
tart,1,monomorph,simplex alt set
tavern,1,monomorph,simplex alt set
tent,1,monomorph,simplex alt set
terror,1,monomorph,simplex alt set
thief,1,monomorph,simplex alt set
throne,1,monomorph,simplex alt set
thud,1,monomorph,simplex alt set
thumb,1,monomorph,simplex alt set
tin,1,monomorph,simplex alt set
toddler,1,monomorph,simplex alt set
token,1,monomorph,simplex alt set
tongs,1,monomorph,simplex alt set
towel,1,monomorph,simplex alt set
tragedy,1,monomorph,simplex alt set
tray,1,monomorph,simplex alt set
tribe,1,monomorph,simplex alt set
trombone,1,monomorph,simplex alt set
troop,1,monomorph,simplex alt set
trust,1,monomorph,simplex alt set
tuba,1,monomorph,simplex alt set
tundra,1,monomorph,simplex alt set
tungsten,1,monomorph,simplex alt set
ukulele,1,monomorph,simplex alt set
valve,1,monomorph,simplex alt set
vampire,1,monomorph,simplex alt set
velvet,1,monomorph,simplex alt set
veteran,1,monomorph,simplex alt set
vice,1,monomorph,simplex alt set
viking,1,monomorph,simplex alt set
villa,1,monomorph,simplex alt set
vinegar,1,monomorph,simplex alt set
virtue,1,monomorph,simplex alt set
visa,1,monomorph,simplex alt set
visor,1,monomorph,simplex alt set
voucher,1,monomorph,simplex alt set
vulture,1,monomorph,simplex alt set
wallet,1,monomorph,simplex alt set
walnut,1,monomorph,simplex alt set
warden,1,monomorph,simplex alt set
wasp,1,monomorph,simplex alt set
weasel,1,monomorph,simplex alt set
whisk,1,monomorph,simplex alt set
whisker,1,monomorph,simplex alt set
widow,1,monomorph,simplex alt set
wire,1,monomorph,simplex alt set
wisdom,1,monomorph,simplex alt set
wit,1,monomorph,simplex alt set
witch,1,monomorph,simplex alt set
wizard,1,monomorph,simplex alt set
wok,1,monomorph,simplex alt set
wonder,1,monomorph,simplex alt set
worm,1,monomorph,simplex alt set
wren,1,monomorph,simplex alt set
wrench,1,monomorph,simplex alt set
wrinkle,1,monomorph,simplex alt set
wrist,1,monomorph,simplex alt set
xenon,1,monomorph,simplex alt set
yacht,1,monomorph,simplex alt set
yarn,1,monomorph,simplex alt set
yeast,1,monomorph,simplex alt set
yogurt,1,monomorph,simplex alt set
yolk,1,monomorph,simplex alt set
zinc,1,monomorph,simplex alt set
zombie,1,monomorph,simplex alt set
airhead,2,opaque_multi,lexicalized compound alt set
arrowhead,2,opaque_multi,lexicalized or opaque compound
backlog,2,opaque_multi,lexicalized or opaque compound
beachhead,2,opaque_multi,lexicalized or opaque compound
blackberry,2,opaque_multi,lexicalized compound alt set
blackmail,2,opaque_multi,lexicalized compound alt set
blockhead,2,opaque_multi,lexicalized compound alt set
blueprint,2,opaque_multi,lexicalized compound alt set
boardwalk,2,opaque_multi,lexicalized compound alt set
bonehead,2,opaque_multi,lexicalized or opaque compound
bonfire,2,opaque_multi,lexicalized or opaque compound
bridgehead,2,opaque_multi,lexicalized or opaque compound
broadcast,2,opaque_multi,lexicalized compound alt set
bulkhead,2,opaque_multi,lexicalized or opaque compound
cheapskate,2,opaque_multi,lexicalized or opaque compound
checkmate,2,opaque_multi,lexicalized compound alt set
cobweb,2,opaque_multi,lexicalized compound alt set
corkscrew,2,opaque_multi,lexicalized compound alt set
cranberry,2,opaque_multi,lexicalized compound alt set
deadlock,2,opaque_multi,lexicalized compound alt set
deadpan,2,opaque_multi,lexicalized or opaque compound
driveway,2,opaque_multi,lexicalized compound alt set
dumbbell,2,opaque_multi,lexicalized compound alt set
dunderhead,2,opaque_multi,lexicalized or opaque compound
earmark,2,opaque_multi,lexicalized compound alt set
eavesdrop,2,opaque_multi,lexicalized compound alt set
egghead,2,opaque_multi,lexicalized compound alt set
eyewash,2,opaque_multi,lexicalized or opaque compound
fathead,2,opaque_multi,lexicalized or opaque compound
feedback,2,opaque_multi,lexicalized compound alt set
figurehead,2,opaque_multi,lexicalized or opaque compound
fireworks,2,opaque_multi,lexicalized compound alt set
flimflam,2,opaque_multi,lexicalized or opaque compound
fountainhead,2,opaque_multi,lexicalized or opaque compound
gasbag,2,opaque_multi,lexicalized or opaque compound
gingerbread,2,opaque_multi,lexicalized compound alt set
godhead,2,opaque_multi,lexicalized or opaque compound
gooseberry,2,opaque_multi,lexicalized compound alt set
greenhorn,2,opaque_multi,lexicalized or opaque compound
gridlock,2,opaque_multi,lexicalized compound alt set
hamburger,2,opaque_multi,lexicalized compound alt set
hammerhead,2,opaque_multi,lexicalized or opaque compound
haywire,2,opaque_multi,lexicalized or opaque compound
heatstroke,2,opaque_multi,lexicalized compound alt set
highbrow,2,opaque_multi,lexicalized or opaque compound
hodgepodge,2,opaque_multi,lexicalized or opaque compound
hogwash,2,opaque_multi,lexicalized compound alt set
horseradish,2,opaque_multi,lexicalized compound alt set
hothead,2,opaque_multi,lexicalized or opaque compound
income,2,opaque_multi,lexicalized compound alt set
input,2,opaque_multi,lexicalized compound alt set
jackpot,2,opaque_multi,lexicalized compound alt set
kickback,2,opaque_multi,lexicalized or opaque compound
killjoy,2,opaque_multi,lexicalized or opaque compound
knickknack,2,opaque_multi,lexicalized or opaque compound
knucklehead,2,opaque_multi,lexicalized or opaque compound
lazybones,2,opaque_multi,lexicalized or opaque compound
loggerhead,2,opaque_multi,lexicalized or opaque compound
logjam,2,opaque_multi,lexicalized or opaque compound
lowbrow,2,opaque_multi,lexicalized or opaque compound
mainframe,2,opaque_multi,lexicalized compound alt set
mainstay,2,opaque_multi,lexicalized compound alt set
masthead,2,opaque_multi,lexicalized or opaque compound
meathead,2,opaque_multi,lexicalized or opaque compound
middlebrow,2,opaque_multi,lexicalized or opaque compound
mishmash,2,opaque_multi,lexicalized or opaque compound
moonshine,2,opaque_multi,lexicalized compound alt set
mulberry,2,opaque_multi,lexicalized compound alt set
nickname,2,opaque_multi,lexicalized compound alt set
outcome,2,opaque_multi,lexicalized compound alt set
output,2,opaque_multi,lexicalized compound alt set
overlord,2,opaque_multi,lexicalized compound alt set
parkway,2,opaque_multi,lexicalized compound alt set
pastime,2,opaque_multi,lexicalized compound alt set
peacock,2,opaque_multi,etymological compound; opaque
penthouse,2,opaque_multi,lexicalized compound alt set
podcast,2,opaque_multi,lexicalized compound alt set
quicksilver,2,opaque_multi,lexicalized compound alt set
raspberry,2,opaque_multi,lexicalized compound alt set
redcoat,2,opaque_multi,lexicalized compound alt set
riffraff,2,opaque_multi,lexicalized or opaque compound
sawbones,2,opaque_multi,lexicalized or opaque compound
scapegoat,2,opaque_multi,lexicalized compound alt set
scatterbrain,2,opaque_multi,lexicalized or opaque compound
shortbread,2,opaque_multi,lexicalized compound alt set
sidekick,2,opaque_multi,lexicalized or opaque compound
sidewalk,2,opaque_multi,lexicalized compound alt set
skinflint,2,opaque_multi,lexicalized or opaque compound
skinhead,2,opaque_multi,lexicalized compound alt set
skyscraper,2,opaque_multi,lexicalized compound alt set
slapdash,2,opaque_multi,lexicalized or opaque compound
sleepyhead,2,opaque_multi,lexicalized or opaque compound
sorehead,2,opaque_multi,lexicalized or opaque compound
sourpuss,2,opaque_multi,lexicalized or opaque compound
spearhead,2,opaque_multi,lexicalized or opaque compound
spoilsport,2,opaque_multi,lexicalized or opaque compound
stalemate,2,opaque_multi,lexicalized compound alt set
sunstroke,2,opaque_multi,lexicalized compound alt set
sweetbread,2,opaque_multi,lexicalized compound alt set
sweetmeat,2,opaque_multi,lexicalized or opaque compound
tenderfoot,2,opaque_multi,lexicalized or opaque compound
tenderloin,2,opaque_multi,lexicalized or opaque compound
tightwad,2,opaque_multi,lexicalized or opaque compound
townhouse,2,opaque_multi,lexicalized compound alt set
twilight,2,opaque_multi,twi+light; prefix not productive
underdog,2,opaque_multi,lexicalized compound alt set
wardrobe,2,opaque_multi,lexicalized compound alt set
warhead,2,opaque_multi,lexicalized or opaque compound
webcast,2,opaque_multi,lexicalized compound alt set
werewolf,2,opaque_multi,were+wolf; were is opaque
whalebone,2,opaque_multi,whale+bone; lexicalized (baleen)
whitewash,2,opaque_multi,lexicalized compound alt set
wildcard,2,opaque_multi,lexicalized compound alt set
wildfire,2,opaque_multi,lexicalized compound alt set
windbag,2,opaque_multi,lexicalized or opaque compound
wiseacre,2,opaque_multi,lexicalized or opaque compound
airplane,2,transparent_multi,derived or compound alt set
amazement,2,transparent_multi,derived or compound alt set
ambition,2,transparent_multi,derived or compound alt set
amusement,2,transparent_multi,derived or compound alt set
antelope,2,transparent_multi,derived or compound alt set
anthology,2,transparent_multi,derived or compound alt set
anthropologist,3,transparent_multi,neoclassical
apartment,2,transparent_multi,derived or compound alt set
archaeologist,3,transparent_multi,neoclassical
archer,2,transparent_multi,derived or compound alt set
armadillo,2,transparent_multi,derived or compound alt set
attachment,2,transparent_multi,derived or compound alt set
awareness,2,transparent_multi,derived or compound alt set
backpack,2,transparent_multi,derived or compound alt set
baseball,2,transparent_multi,derived or compound alt set
basement,2,transparent_multi,derived or compound alt set
basketball,2,transparent_multi,derived or compound alt set
batter,2,transparent_multi,derived or compound alt set
bedspread,2,transparent_multi,derived or compound alt set
beginner,2,transparent_multi,derived or compound alt set
believer,2,transparent_multi,derived or compound alt set
benchmark,2,transparent_multi,derived or compound alt set
binder,2,transparent_multi,verb+er
biodegradable,3,transparent_multi,neoclassical
biologist,2,transparent_multi,derived or compound alt set
birdcage,2,transparent_multi,derived or compound alt set
bitterness,2,transparent_multi,derived or compound alt set
blender,2,transparent_multi,verb+er
bluejay,2,transparent_multi,derived or compound alt set
boldness,2,transparent_multi,derived or compound alt set
bookmark,2,transparent_multi,derived or compound alt set
bowler,2,transparent_multi,derived or compound alt set
boxer,2,transparent_multi,derived or compound alt set
briefcase,2,transparent_multi,derived or compound alt set
bullfrog,2,transparent_multi,derived or compound alt set
bumblebee,2,transparent_multi,derived or compound alt set
calmness,2,transparent_multi,derived or compound alt set
campfire,2,transparent_multi,derived or compound alt set
campground,2,transparent_multi,derived or compound alt set
campsite,2,transparent_multi,derived or compound alt set
cardiologist,2,transparent_multi,derived or compound alt set
cardiopulmonary,3,transparent_multi,neoclassical
carelessness,2,transparent_multi,derived or compound alt set
caribou,2,transparent_multi,derived or compound alt set
cartographer,3,transparent_multi,neoclassical
catcher,2,transparent_multi,derived or compound alt set
catnip,2,transparent_multi,derived or compound alt set
celebration,2,transparent_multi,derived or compound alt set
centimeter,2,transparent_multi,derived or compound alt set
chalkboard,2,transparent_multi,derived or compound alt set
charcoal,2,transparent_multi,char+coal
cheerfulness,3,transparent_multi,derived
cheeseburger,2,transparent_multi,derived or compound alt set
chemist,2,transparent_multi,derived or compound alt set
chemotherapy,2,transparent_multi,derived or compound alt set
chronology,2,transparent_multi,derived or compound alt set
climber,2,transparent_multi,derived or compound alt set
clipboard,2,transparent_multi,derived or compound alt set
closeness,2,transparent_multi,derived or compound alt set
collision,2,transparent_multi,derived or compound alt set
combination,2,transparent_multi,derived or compound alt set
commitment,2,transparent_multi,derived or compound alt set
conclusion,2,transparent_multi,derived or compound alt set
condition,2,transparent_multi,derived or compound alt set
confusion,2,transparent_multi,derived or compound alt set
copperhead,2,transparent_multi,derived or compound alt set
copycat,2,transparent_multi,derived or compound alt set
cornbread,2,transparent_multi,derived or compound alt set
cricket,2,transparent_multi,derived or compound alt set
dashboard,2,transparent_multi,derived or compound alt set
department,2,transparent_multi,derived or compound alt set
dermatologist,2,transparent_multi,derived or compound alt set
destination,2,transparent_multi,derived or compound alt set
dishcloth,2,transparent_multi,derived or compound alt set
dishwasher,2,transparent_multi,derived or compound alt set
document,2,transparent_multi,derived or compound alt set
doghouse,2,transparent_multi,derived or compound alt set
doorbell,2,transparent_multi,derived or compound alt set
doorknob,2,transparent_multi,derived or compound alt set
doorstep,2,transparent_multi,derived or compound alt set
dreamer,2,transparent_multi,derived or compound alt set
driftwood,2,transparent_multi,derived or compound alt set
earthworm,2,transparent_multi,derived or compound alt set
ecology,2,transparent_multi,derived or compound alt set
electrician,2,transparent_multi,derived or compound alt set
electromagnetism,3,transparent_multi,neoclassical
employment,2,transparent_multi,derived or compound alt set
emptiness,2,transparent_multi,derived or compound alt set
enjoyment,2,transparent_multi,derived or compound alt set
epidemiologist,3,transparent_multi,neoclassical
equipment,2,transparent_multi,derived or compound alt set
eraser,2,transparent_multi,verb+er
explanation,2,transparent_multi,derived or compound alt set
explosion,2,transparent_multi,derived or compound alt set
fairness,2,transparent_multi,derived or compound alt set
fencer,2,transparent_multi,derived or compound alt set
fighter,2,transparent_multi,derived or compound alt set
finder,2,transparent_multi,derived or compound alt set
fireplace,2,transparent_multi,derived or compound alt set
firetruck,2,transparent_multi,derived or compound alt set
firewood,2,transparent_multi,derived or compound alt set
fishbowl,2,transparent_multi,derived or compound alt set
flowerbed,2,transparent_multi,derived or compound alt set
flowerpot,2,transparent_multi,derived or compound alt set
folder,2,transparent_multi,verb+er
follower,2,transparent_multi,derived or compound alt set
forgetfulness,3,transparent_multi,derived
fragment,2,transparent_multi,derived or compound alt set
freezer,2,transparent_multi,verb+er
fruitcake,2,transparent_multi,derived or compound alt set
fullness,2,transparent_multi,derived or compound alt set
gardenpath,2,transparent_multi,derived or compound alt set
gastrointestinal,3,transparent_multi,neoclassical
geologist,2,transparent_multi,derived or compound alt set
golfer,2,transparent_multi,derived or compound alt set
goodness,2,transparent_multi,derived or compound alt set
grasshopper,2,transparent_multi,derived or compound alt set
grater,2,transparent_multi,verb+er
gunpowder,2,transparent_multi,derived or compound alt set
hairbrush,2,transparent_multi,derived or compound alt set
hallmark,2,transparent_multi,derived or compound alt set
hallway,2,transparent_multi,derived or compound alt set
hardness,2,transparent_multi,derived or compound alt set
helper,2,transparent_multi,derived or compound alt set
helplessness,2,transparent_multi,derived or compound alt set
historian,2,transparent_multi,derived or compound alt set
honeybee,2,transparent_multi,derived or compound alt set
horsefly,2,transparent_multi,derived or compound alt set
housefly,2,transparent_multi,derived or compound alt set
hummingbird,2,transparent_multi,derived or compound alt set
hydroelectricity,3,transparent_multi,neoclassical
hydrotherapy,2,transparent_multi,derived or compound alt set
ideology,2,transparent_multi,derived or compound alt set
imagination,2,transparent_multi,derived or compound alt set
instrument,2,transparent_multi,derived or compound alt set
invitation,2,transparent_multi,derived or compound alt set
jumper,2,transparent_multi,derived or compound alt set
keeper,2,transparent_multi,derived or compound alt set
killer,2,transparent_multi,derived or compound alt set
kilogram,2,transparent_multi,derived or compound alt set
kilometer,2,transparent_multi,derived or compound alt set
ladybird,2,transparent_multi,derived or compound alt set
lamppost,2,transparent_multi,derived or compound alt set
landmark,2,transparent_multi,derived or compound alt set
learner,2,transparent_multi,derived or compound alt set
librarian,2,transparent_multi,derived or compound alt set
limestone,2,transparent_multi,lime+stone
listener,2,transparent_multi,derived or compound alt set
loneliness,2,transparent_multi,derived or compound alt set
lumberjack,2,transparent_multi,derived or compound alt set
lunchbox,2,transparent_multi,derived or compound alt set
magician,2,transparent_multi,derived or compound alt set
mailbox,2,transparent_multi,derived or compound alt set
maker,2,transparent_multi,derived or compound alt set
marker,2,transparent_multi,verb+er
mathematician,2,transparent_multi,derived or compound alt set
meteorologist,3,transparent_multi,neoclassical
micrometer,2,transparent_multi,derived or compound alt set
midnight,2,transparent_multi,mid+night
milligram,2,transparent_multi,derived or compound alt set
miner,2,transparent_multi,verb+er
mockingbird,2,transparent_multi,derived or compound alt set
monument,2,transparent_multi,derived or compound alt set
moonbeam,2,transparent_multi,derived or compound alt set
morphology,2,transparent_multi,derived or compound alt set
musician,2,transparent_multi,derived or compound alt set
mythology,2,transparent_multi,derived or compound alt set
nailbrush,2,transparent_multi,derived or compound alt set
neurologist,2,transparent_multi,derived or compound alt set
neurotransmitter,3,transparent_multi,neoclassical
nightfall,2,transparent_multi,derived or compound alt set
oatmeal,2,transparent_multi,derived or compound alt set
observation,2,transparent_multi,derived or compound alt set
oceanographer,3,transparent_multi,neoclassical
openness,2,transparent_multi,derived or compound alt set
otolaryngologist,3,transparent_multi,neoclassical
paintbrush,2,transparent_multi,derived or compound alt set
paleontologist,3,transparent_multi,neoclassical
pathology,2,transparent_multi,derived or compound alt set
pavement,2,transparent_multi,derived or compound alt set
peeler,2,transparent_multi,verb+er
phonograph,2,transparent_multi,derived or compound alt set
phonology,2,transparent_multi,derived or compound alt set
photocopy,2,transparent_multi,derived or compound alt set
photograph,2,transparent_multi,derived or compound alt set
photographer,3,transparent_multi,derived
photosynthetic,3,transparent_multi,neoclassical
physicist,2,transparent_multi,derived or compound alt set
physiotherapy,2,transparent_multi,derived or compound alt set
pillowcase,2,transparent_multi,derived or compound alt set
politician,2,transparent_multi,derived or compound alt set
popcorn,2,transparent_multi,derived or compound alt set
population,2,transparent_multi,derived or compound alt set
position,2,transparent_multi,derived or compound alt set
postcard,2,transparent_multi,post+card
potter,2,transparent_multi,verb+er
psychotherapy,2,transparent_multi,derived or compound alt set
quicksand,2,transparent_multi,derived or compound alt set
radiology,2,transparent_multi,derived or compound alt set
railroad,2,transparent_multi,derived or compound alt set
rattlesnake,2,transparent_multi,derived or compound alt set
readiness,2,transparent_multi,derived or compound alt set
redbird,2,transparent_multi,derived or compound alt set
richness,2,transparent_multi,derived or compound alt set
rider,2,transparent_multi,derived or compound alt set
rowboat,2,transparent_multi,derived or compound alt set
ruler,2,transparent_multi,verb+er
runner,2,transparent_multi,derived or compound alt set
sailboat,2,transparent_multi,derived or compound alt set
sandstone,2,transparent_multi,sand+stone
sawmill,2,transparent_multi,derived or compound alt set
scarecrow,2,transparent_multi,derived or compound alt set
schoolbag,2,transparent_multi,derived or compound alt set
scrapbook,2,transparent_multi,derived or compound alt set
seahorse,2,transparent_multi,derived or compound alt set
seaplane,2,transparent_multi,derived or compound alt set
seeker,2,transparent_multi,derived or compound alt set
segment,2,transparent_multi,derived or compound alt set
seismograph,2,transparent_multi,derived or compound alt set
shipment,2,transparent_multi,derived or compound alt set
situation,2,transparent_multi,derived or compound alt set
skater,2,transparent_multi,derived or compound alt set
sketchbook,2,transparent_multi,derived or compound alt set
skier,2,transparent_multi,derived or compound alt set
snowman,2,transparent_multi,derived or compound alt set
snowplow,2,transparent_multi,derived or compound alt set
softness,2,transparent_multi,derived or compound alt set
songbird,2,transparent_multi,derived or compound alt set
spacecraft,2,transparent_multi,derived or compound alt set
spaceship,2,transparent_multi,derived or compound alt set
speaker,2,transparent_multi,derived or compound alt set
spectrograph,2,transparent_multi,derived or compound alt set
stapler,2,transparent_multi,verb+er
starfish,2,transparent_multi,derived or compound alt set
starlight,2,transparent_multi,derived or compound alt set
starship,2,transparent_multi,derived or compound alt set
steamboat,2,transparent_multi,derived or compound alt set
stopwatch,2,transparent_multi,derived or compound alt set
streetlight,2,transparent_multi,derived or compound alt set
suitcase,2,transparent_multi,derived or compound alt set
sunlight,2,transparent_multi,derived or compound alt set
sunrise,2,transparent_multi,derived or compound alt set
sunset,2,transparent_multi,derived or compound alt set
suspicion,2,transparent_multi,derived or compound alt set
sweetness,2,transparent_multi,derived or compound alt set
swimmer,2,transparent_multi,derived or compound alt set
swordfish,2,transparent_multi,derived or compound alt set
tablecloth,2,transparent_multi,derived or compound alt set
tapeworm,2,transparent_multi,derived or compound alt set
technician,2,transparent_multi,derived or compound alt set
technology,2,transparent_multi,derived or compound alt set
teenager,2,transparent_multi,teen+ager
telecommunication,3,transparent_multi,transparent
telegram,2,transparent_multi,derived or compound alt set
telegraph,2,transparent_multi,derived or compound alt set
theology,2,transparent_multi,derived or compound alt set
thickness,2,transparent_multi,derived or compound alt set
thinker,2,transparent_multi,derived or compound alt set
thoughtfulness,2,transparent_multi,derived or compound alt set
toaster,2,transparent_multi,verb+er
toothbrush,2,transparent_multi,derived or compound alt set
toothpaste,2,transparent_multi,derived or compound alt set
trademark,2,transparent_multi,derived or compound alt set
trailhead,2,transparent_multi,derived or compound alt set
trailmix,2,transparent_multi,derived or compound alt set
translation,2,transparent_multi,derived or compound alt set
treefrog,2,transparent_multi,derived or compound alt set
trilogy,2,transparent_multi,derived or compound alt set
tumbleweed,2,transparent_multi,derived or compound alt set
unhappiness,3,transparent_multi,derived
urology,2,transparent_multi,derived or compound alt set
usefulness,2,transparent_multi,derived or compound alt set
viewer,2,transparent_multi,derived or compound alt set
volleyball,2,transparent_multi,derived or compound alt set
washcloth,2,transparent_multi,derived or compound alt set
watcher,2,transparent_multi,derived or compound alt set
watermark,2,transparent_multi,derived or compound alt set
watermill,2,transparent_multi,derived or compound alt set
weaver,2,transparent_multi,verb+er
whiteboard,2,transparent_multi,derived or compound alt set
widower,2,transparent_multi,widow+er
willingness,2,transparent_multi,derived or compound alt set
windmill,2,transparent_multi,derived or compound alt set
woodpecker,2,transparent_multi,derived or compound alt set
wrestler,2,transparent_multi,derived or compound alt set
wristwatch,2,transparent_multi,derived or compound alt set
yearbook,2,transparent_multi,derived or compound alt set
zipper,2,transparent_multi,zip+er
zoology,2,transparent_multi,derived or compound alt set
